comune,codice_istat,provincia,positivi,positivi_per_1000_abitanti
Acceglio,004001,Cuneo,0,0.0
Acqui Terme,006001,Alessandria,68,3.47
Agliano Terme,005001,Asti,3,1.88
Aglie',001001,Torino,15,5.69
Agrate Conturbia,003001,Novara,8,5.16
Ailoche,096001,Biella,3,9.17
Airasca,001002,Torino,17,4.62
Aisone,004002,Cuneo,4,18.18
Ala Di Stura,001003,Torino,4,8.83
Alagna Valsesia,002002,Vercelli,3,4.24
Alba,004003,Cuneo,129,4.09
Albano Vercellese,002003,Vercelli,1,3.12
Albaretto Della Torre,004004,Cuneo,0,0.0
Albera Ligure,006002,Alessandria,0,0.0
Albiano D'Ivrea,001004,Torino,4,2.43
Albugnano,005002,Asti,8,15.84
Alessandria,006003,Alessandria,478,5.11
Alfiano Natta,006004,Alessandria,1,1.28
Alice Bel Colle,006005,Alessandria,3,4.02
Alice Castello,002004,Vercelli,14,5.43
Alluvioni Piovera,006192,Alessandria,1,0.58
Almese,001006,Torino,31,4.86
Alpette,001007,Torino,0,0.0
Alpignano,001008,Torino,89,5.43
Altavilla Monferrato,006007,Alessandria,1,2.33
Alto,004005,Cuneo,0,0.0
Alto Sermenza,002170,Vercelli,1,6.37
Alzano Scrivia,006008,Alessandria,1,2.86
Ameno,003002,Novara,7,7.35
Andezeno,001009,Torino,45,22.35
Andorno Micca,096002,Biella,18,5.67
Andrate,001010,Torino,1,2.0
Angrogna,001011,Torino,2,2.32
Antignano,005003,Asti,1,1.04
Antrona Schieranco,103001,Verbano-Cusio-Ossola,0,0.0
Anzola D'Ossola,103002,Verbano-Cusio-Ossola,2,4.91
Aramengo,005004,Asti,3,5.31
Arborio,002006,Vercelli,4,4.64
Argentera,004006,Cuneo,2,25.97
Arguello,004007,Cuneo,0,0.0
Arignano,001012,Torino,13,12.09
Arizzano,103003,Verbano-Cusio-Ossola,27,13.42
Armeno,003006,Novara,19,8.65
Arola,103004,Verbano-Cusio-Ossola,0,0.0
Arona,003008,Novara,26,1.86
Arquata Scrivia,006009,Alessandria,65,10.21
Asigliano Vercellese,002007,Vercelli,8,5.55
Asti,005005,Asti,171,2.25
Aurano,103005,Verbano-Cusio-Ossola,4,38.83
Avigliana,001013,Torino,79,6.29
Avolasca,006010,Alessandria,1,3.82
Azeglio,001014,Torino,6,4.77
Azzano D'Asti,005006,Asti,1,2.72
Baceno,103006,Verbano-Cusio-Ossola,8,8.92
Bagnasco,004008,Cuneo,12,11.76
Bagnolo Piemonte,004009,Cuneo,32,5.38
Bairo,001015,Torino,4,5.0
Balangero,001016,Torino,18,5.69
Baldichieri D'Asti,005007,Asti,2,1.76
Baldissero Canavese,001017,Torino,6,11.07
Baldissero D'Alba,004010,Cuneo,1,0.94
Baldissero Torinese,001018,Torino,28,7.61
Balme,001019,Torino,0,0.0
Balmuccia,002008,Vercelli,1,8.93
Balocco,002009,Vercelli,5,22.03
Balzola,006011,Alessandria,6,4.45
Banchette,001020,Torino,11,3.4
Bannio Anzino,103007,Verbano-Cusio-Ossola,3,6.28
Barbania,001021,Torino,4,2.49
Barbaresco,004011,Cuneo,2,3.17
Bardonecchia,001022,Torino,21,6.67
Barengo,003012,Novara,0,0.0
Barge,004012,Cuneo,21,2.76
Barolo,004013,Cuneo,1,1.45
Barone Canavese,001023,Torino,4,6.79
Basaluzzo,006012,Alessandria,11,5.31
Bassignana,006013,Alessandria,12,7.17
Bastia Mondovi',004014,Cuneo,10,14.99
Battifollo,004015,Cuneo,1,4.72
Baveno,103008,Verbano-Cusio-Ossola,26,5.29
Bee,103009,Verbano-Cusio-Ossola,11,14.57
Beinasco,001024,Torino,104,5.8
Beinette,004016,Cuneo,21,6.09
Belforte Monferrato,006014,Alessandria,5,9.86
Belgirate,103010,Verbano-Cusio-Ossola,6,11.93
Bellino,004017,Cuneo,3,28.85
Bellinzago Novarese,003016,Novara,35,3.65
Belvedere Langhe,004018,Cuneo,2,5.43
Belveglio,005008,Asti,3,9.23
Bene Vagienna,004019,Cuneo,12,3.27
Benevello,004020,Cuneo,0,0.0
Benna,096003,Biella,10,8.53
Bergamasco,006015,Alessandria,1,1.39
Bergolo,004021,Cuneo,0,0.0
Bernezzo,004022,Cuneo,23,5.53
Berzano Di San Pietro,005009,Asti,4,9.64
Berzano Di Tortona,006016,Alessandria,0,0.0
Beura-Cardezza,103011,Verbano-Cusio-Ossola,4,2.72
Biandrate,003018,Novara,8,6.14
Bianze',002011,Vercelli,2,1.04
Bibiana,001025,Torino,18,5.2
Biella,096004,Biella,152,3.46
Bioglio,096005,Biella,3,3.39
Bistagno,006017,Alessandria,13,7.25
Bobbio Pellice,001026,Torino,1,1.83
Boca,003019,Novara,2,1.67
Boccioleto,002014,Vercelli,0,0.0
Bognanco,103012,Verbano-Cusio-Ossola,0,0.0
Bogogno,003021,Novara,4,3.13
Bollengo,001027,Torino,8,3.69
Bolzano Novarese,003022,Novara,1,0.84
Bonvicino,004023,Cuneo,0,0.0
Borgaro Torinese,001028,Torino,51,4.28
Borghetto Di Borbera,006018,Alessandria,13,6.64
Borgiallo,001029,Torino,4,6.8
Borgo D'Ale,002015,Vercelli,8,3.42
Borgo San Dalmazzo,004025,Cuneo,75,6.03
Borgo San Martino,006020,Alessandria,8,5.72
Borgo Ticino,003025,Novara,20,3.87
Borgo Vercelli,002017,Vercelli,9,4.0
Borgofranco D'Ivrea,001030,Torino,15,4.08
Borgolavezzaro,003023,Novara,8,3.94
Borgomale,004024,Cuneo,0,0.0
Borgomanero,003024,Novara,74,3.42
Borgomasino,001031,Torino,4,5.08
Borgomezzavalle,103078,Verbano-Cusio-Ossola,0,0.0
Borgone Susa,001032,Torino,7,3.17
Borgoratto Alessandrino,006019,Alessandria,2,3.64
Borgosesia,002016,Vercelli,53,4.22
Borriana,096006,Biella,3,3.43
Bosco Marengo,006021,Alessandria,16,6.78
Bosconero,001033,Torino,16,5.11
Bosia,004026,Cuneo,0,0.0
Bosio,006022,Alessandria,8,6.79
Bossolasco,004027,Cuneo,3,4.7
Boves,004028,Cuneo,45,4.58
Bozzole,006023,Alessandria,1,2.99
Bra,004029,Cuneo,109,3.68
Brandizzo,001034,Torino,52,5.95
Briaglia,004030,Cuneo,3,9.77
Bricherasio,001035,Torino,29,6.28
Briga Alta,004031,Cuneo,0,0.0
Briga Novarese,003026,Novara,3,1.06
Brignano-Frascata,006024,Alessandria,0,0.0
Briona,003027,Novara,2,1.74
Brondello,004032,Cuneo,1,3.55
Brossasco,004033,Cuneo,9,8.59
Brosso,001036,Torino,0,0.0
Brovello-Carpugnino,103013,Verbano-Cusio-Ossola,8,11.25
Brozolo,001037,Torino,3,6.88
Bruino,001038,Torino,61,7.01
Bruno,005010,Asti,0,0.0
Brusasco,001039,Torino,5,3.27
Brusnengo,096007,Biella,6,2.97
Bruzolo,001040,Torino,14,9.17
Bubbio,005011,Asti,4,4.78
Buriasco,001041,Torino,15,11.1
Burolo,001042,Torino,4,3.5
Buronzo,002021,Vercelli,3,3.48
Busano,001043,Torino,7,4.28
Busca,004034,Cuneo,46,4.52
Bussoleno,001044,Torino,37,6.23
Buttigliera Alta,001045,Torino,47,7.34
Buttigliera D'Asti,005012,Asti,28,11.01
Cabella Ligure,006025,Alessandria,0,0.0
Cafasse,001046,Torino,20,5.85
Calamandrana,005013,Asti,3,1.73
Calasca-Castiglione,103014,Verbano-Cusio-Ossola,6,9.82
Callabiana,096008,Biella,0,0.0
Calliano,005014,Asti,4,3.13
Calosso,005015,Asti,2,1.61
Caltignaga,003030,Novara,11,4.37
Caluso,001047,Torino,34,4.51
Camagna Monferrato,006026,Alessandria,4,8.1
Camandona,096009,Biella,4,11.49
Cambiano,001048,Torino,31,5.18
Cambiasca,103015,Verbano-Cusio-Ossola,35,21.57
Camburzano,096010,Biella,9,7.8
Camerana,004035,Cuneo,0,0.0
Camerano Casasco,005016,Asti,2,4.52
Cameri,003032,Novara,27,2.49
Camino,006027,Alessandria,2,2.66
Campertogno,002025,Vercelli,1,4.26
Campiglia Cervo,096086,Biella,0,0.0
Campiglione Fenile,001049,Torino,5,3.73
Canale,004037,Cuneo,34,6.06
Candelo,096012,Biella,41,5.45
Candia Canavese,001050,Torino,9,7.31
Candiolo,001051,Torino,49,8.7
Canelli,005017,Asti,17,1.63
Canischio,001052,Torino,2,7.22
Cannero Riviera,103016,Verbano-Cusio-Ossola,6,6.59
Cannobio,103017,Verbano-Cusio-Ossola,29,5.66
Canosio,004038,Cuneo,0,0.0
Cantalupa,001053,Torino,11,4.2
Cantalupo Ligure,006028,Alessandria,5,10.5
Cantarana,005018,Asti,2,2.01
Cantoira,001054,Torino,6,10.42
Caprauna,004039,Cuneo,0,0.0
Caprezzo,103018,Verbano-Cusio-Ossola,0,0.0
Capriata D'Orba,006029,Alessandria,4,2.17
Caprie,001055,Torino,9,4.32
Capriglio,005019,Asti,0,0.0
Caprile,096013,Biella,1,5.26
Caraglio,004040,Cuneo,36,5.33
Caramagna Piemonte,004041,Cuneo,21,6.8
Caravino,001056,Torino,4,4.43
Carbonara Scrivia,006030,Alessandria,4,3.55
Carcoforo,002029,Vercelli,0,0.0
Carde',004042,Cuneo,2,1.74
Carema,001057,Torino,2,2.59
Carentino,006031,Alessandria,0,0.0
Caresana,002030,Vercelli,6,5.67
Caresanablot,002031,Vercelli,10,8.9
Carezzano,006032,Alessandria,1,2.27
Carignano,001058,Torino,45,4.85
Carisio,002032,Vercelli,8,9.93
Carmagnola,001059,Torino,150,5.18
Carpeneto,006033,Alessandria,2,2.11
Carpignano Sesia,003036,Novara,2,0.79
Carrega Ligure,006034,Alessandria,0,0.0
Carrosio,006035,Alessandria,0,0.0
Carru',004043,Cuneo,58,13.22
Cartignano,004044,Cuneo,2,11.49
Cartosio,006036,Alessandria,2,2.71
Casal Cermelli,006037,Alessandria,5,4.1
Casalbeltrame,003037,Novara,5,5.33
Casalborgone,001060,Torino,18,9.54
Casale Corte Cerro,103019,Verbano-Cusio-Ossola,9,2.6
Casale Monferrato,006039,Alessandria,111,3.29
Casaleggio Boiro,006038,Alessandria,1,2.62
Casaleggio Novara,003039,Novara,2,2.19
Casalgrasso,004045,Cuneo,9,6.26
Casalino,003040,Novara,6,3.93
Casalnoceto,006040,Alessandria,8,8.18
Casalvolone,003041,Novara,3,3.47
Casanova Elvo,002033,Vercelli,1,4.48
Casapinta,096014,Biella,3,7.16
Casasco,006041,Alessandria,0,0.0
Cascinette D'Ivrea,001061,Torino,12,7.94
Caselette,001062,Torino,9,2.97
Caselle Torinese,001063,Torino,81,5.8
Casorzo,005020,Asti,0,0.0
Cassano Spinola,006191,Alessandria,11,6.1
Cassinasco,005021,Asti,0,0.0
Cassine,006043,Alessandria,15,5.1
Cassinelle,006044,Alessandria,10,11.35
Castagneto Po,001064,Torino,7,3.93
Castagnito,004046,Cuneo,7,3.19
Castagnole Delle Lanze,005022,Asti,16,4.27
Castagnole Monferrato,005023,Asti,0,0.0
Castagnole Piemonte,001065,Torino,14,6.24
Castel Boglione,005024,Asti,1,1.64
Castel Rocchero,005032,Asti,1,2.56
Casteldelfino,004047,Cuneo,3,18.99
Castell'Alfero,005025,Asti,4,1.5
Castellamonte,001066,Torino,65,6.54
Castellania,006045,Alessandria,0,0.0
Castellar Guidobono,006046,Alessandria,4,10.05
Castellazzo Bormida,006047,Alessandria,23,5.08
Castellazzo Novarese,003042,Novara,0,0.0
Castellero,005026,Asti,0,0.0
Castelletto Cervo,096015,Biella,3,3.66
Castelletto D'Erro,006048,Alessandria,0,0.0
Castelletto D'Orba,006049,Alessandria,8,4.08
Castelletto Merli,006050,Alessandria,1,2.23
Castelletto Molina,005027,Asti,2,12.82
Castelletto Monferrato,006051,Alessandria,7,4.66
Castelletto Sopra Ticino,003043,Novara,49,4.94
Castelletto Stura,004049,Cuneo,10,7.25
Castelletto Uzzone,004050,Cuneo,0,0.0
Castellinaldo D'Alba,004051,Cuneo,3,3.25
Castellino Tanaro,004052,Cuneo,2,6.73
Castello Di Annone,005028,Asti,1,0.52
Castelmagno,004053,Cuneo,0,0.0
Castelnuovo Belbo,005029,Asti,6,7.08
Castelnuovo Bormida,006052,Alessandria,6,8.57
Castelnuovo Calcea,005030,Asti,2,2.73
Castelnuovo Di Ceva,004054,Cuneo,0,0.0
Castelnuovo Don Bosco,005031,Asti,24,7.58
Castelnuovo Nigra,001067,Torino,0,0.0
Castelnuovo Scrivia,006053,Alessandria,16,3.12
Castelspina,006054,Alessandria,1,2.38
Castiglione Falletto,004055,Cuneo,2,2.86
Castiglione Tinella,004056,Cuneo,3,3.62
Castiglione Torinese,001068,Torino,28,4.31
Castino,004057,Cuneo,1,2.06
Cavaglia',096016,Biella,9,2.48
Cavaglietto,003044,Novara,2,5.22
Cavaglio D'Agogna,003045,Novara,4,3.41
Cavagnolo,001069,Torino,11,5.34
Cavallerleone,004058,Cuneo,7,10.2
Cavallermaggiore,004059,Cuneo,24,4.42
Cavallirio,003047,Novara,2,1.49
Cavatore,006055,Alessandria,5,18.59
Cavour,001070,Torino,18,3.28
Cella Monte,006056,Alessandria,0,0.0
Cellarengo,005033,Asti,1,1.42
Celle Di Macra,004060,Cuneo,0,0.0
Celle Enomondo,005034,Asti,0,0.0
Cellio Con Breia,002171,Vercelli,5,5.1
Centallo,004061,Cuneo,29,4.13
Ceppo Morelli,103021,Verbano-Cusio-Ossola,1,3.37
Cerano,003049,Novara,18,2.66
Cercenasco,001071,Torino,7,3.87
Ceres,001072,Torino,4,3.83
Cereseto,006057,Alessandria,0,0.0
Ceresole Alba,004062,Cuneo,11,5.36
Ceresole Reale,001073,Torino,1,5.99
Cerreto D'Asti,005035,Asti,7,31.96
Cerreto Grue,006058,Alessandria,1,3.3
Cerretto Langhe,004063,Cuneo,5,11.63
Cerrina Monferrato,006059,Alessandria,8,5.9
Cerrione,096018,Biella,14,4.86
Cerro Tanaro,005036,Asti,0,0.0
Cervasca,004064,Cuneo,18,3.51
Cervatto,002041,Vercelli,1,17.24
Cervere,004065,Cuneo,12,5.31
Cesana Torinese,001074,Torino,9,9.54
Cesara,103022,Verbano-Cusio-Ossola,6,10.1
Cessole,005037,Asti,2,5.15
Ceva,004066,Cuneo,32,5.62
Cherasco,004067,Cuneo,37,3.98
Chialamberto,001075,Torino,0,0.0
Chianocco,001076,Torino,5,3.1
Chiaverano,001077,Torino,10,4.86
Chieri,001078,Torino,350,9.47
Chiesanuova,001079,Torino,1,4.29
Chiomonte,001080,Torino,4,4.51
Chiusa Di Pesio,004068,Cuneo,25,6.85
Chiusa Di San Michele,001081,Torino,3,1.85
Chiusano D'Asti,005038,Asti,2,8.97
Chivasso,001082,Torino,147,5.46
Ciconio,001083,Torino,1,2.58
Cigliano,002042,Vercelli,27,6.1
Ciglie',004069,Cuneo,3,16.22
Cinaglio,005039,Asti,0,0.0
Cintano,001084,Torino,2,7.94
Cinzano,001085,Torino,2,6.06
Cirie',001086,Torino,98,5.28
Cissone,004070,Cuneo,0,0.0
Cisterna D'Asti,005040,Asti,1,0.82
Civiasco,002043,Vercelli,0,0.0
Clavesana,004071,Cuneo,11,13.66
Claviere,001087,Torino,1,4.76
Coassolo Torinese,001088,Torino,5,3.34
Coazze,001089,Torino,12,3.71
Coazzolo,005041,Asti,0,0.0
Cocconato,005042,Asti,1,0.69
Coggiola,096019,Biella,8,4.44
Colazza,003051,Novara,3,6.65
Collegno,001090,Torino,320,6.44
Colleretto Castelnuovo,001091,Torino,1,3.16
Colleretto Giacosa,001092,Torino,3,5.24
Collobiano,002045,Vercelli,1,11.36
Comignago,003052,Novara,3,2.38
Condove,001093,Torino,21,4.57
Coniolo,006060,Alessandria,2,4.42
Conzano,006061,Alessandria,3,3.11
Corio,001094,Torino,4,1.25
Corneliano D'Alba,004072,Cuneo,9,4.19
Corsione,005044,Asti,2,8.97
Cortandone,005045,Asti,0,0.0
Cortanze,005046,Asti,0,0.0
Cortazzone,005047,Asti,1,1.64
Cortemilia,004073,Cuneo,11,4.84
Cortiglione,005048,Asti,1,1.81
Cossano Belbo,004074,Cuneo,2,2.1
Cossano Canavese,001095,Torino,1,2.06
Cossato,096020,Biella,48,3.3
Cossogno,103023,Verbano-Cusio-Ossola,2,2.95
Cossombrato,005049,Asti,1,1.97
Costa Vescovato,006062,Alessandria,1,3.06
Costanzana,002047,Vercelli,1,1.32
Costigliole D'Asti,005050,Asti,19,3.29
Costigliole Saluzzo,004075,Cuneo,20,6.06
Cravagliana,002048,Vercelli,2,8.0
Cravanzana,004076,Cuneo,0,0.0
Craveggia,103024,Verbano-Cusio-Ossola,8,10.5
Cremolino,006063,Alessandria,6,5.62
Crescentino,002049,Vercelli,36,4.62
Cressa,003055,Novara,4,2.49
Crevacuore,096021,Biella,4,2.67
Crevoladossola,103025,Verbano-Cusio-Ossola,21,4.57
Crissolo,004077,Cuneo,0,0.0
Crodo,103026,Verbano-Cusio-Ossola,12,8.58
Crova,002052,Vercelli,2,4.87
Cuceglio,001096,Torino,11,11.12
Cumiana,001097,Torino,42,5.32
Cuneo,004078,Cuneo,436,7.77
Cunico,005051,Asti,0,0.0
Cuorgne',001098,Torino,40,4.13
Cureggio,003058,Novara,8,3.03
Curino,096023,Biella,3,6.24
Demonte,004079,Cuneo,30,15.31
Denice,006065,Alessandria,2,11.56
Dernice,006066,Alessandria,0,0.0
Desana,002054,Vercelli,7,6.58
Diano D'Alba,004080,Cuneo,9,2.49
Divignano,003060,Novara,9,6.36
Dogliani,004081,Cuneo,35,7.46
Domodossola,103028,Verbano-Cusio-Ossola,104,5.73
Donato,096024,Biella,7,9.72
Dormelletto,003062,Novara,10,3.87
Dorzano,096025,Biella,3,5.65
Dronero,004082,Cuneo,35,4.99
Druento,001099,Torino,46,5.19
Druogno,103029,Verbano-Cusio-Ossola,13,12.22
Dusino San Michele,005052,Asti,2,1.91
Elva,004083,Cuneo,0,0.0
Entracque,004084,Cuneo,0,0.0
Envie,004085,Cuneo,1,0.5
Exilles,001100,Torino,2,7.97
Fabbrica Curone,006067,Alessandria,4,6.56
Fara Novarese,003065,Novara,6,2.95
Farigliano,004086,Cuneo,19,10.69
Faule,004087,Cuneo,0,0.0
Favria,001101,Torino,28,5.34
Feisoglio,004088,Cuneo,0,0.0
Feletto,001102,Torino,11,4.86
Felizzano,006068,Alessandria,7,3.11
Fenestrelle,001103,Torino,3,5.88
Ferrere,005053,Asti,0,0.0
Fiano,001104,Torino,18,6.75
Fiorano Canavese,001105,Torino,3,3.9
Fobello,002057,Vercelli,0,0.0
Foglizzo,001106,Torino,13,5.61
Fontaneto D'Agogna,003066,Novara,19,7.17
Fontanetto Po,002058,Vercelli,6,5.44
Fontanile,005054,Asti,1,1.81
Formazza,103031,Verbano-Cusio-Ossola,2,4.52
Formigliana,002059,Vercelli,5,9.92
Forno Canavese,001107,Torino,18,5.4
Fossano,004089,Cuneo,100,4.13
Frabosa Soprana,004090,Cuneo,10,13.3
Frabosa Sottana,004091,Cuneo,16,10.46
Fraconalto,006069,Alessandria,2,6.31
Francavilla Bisio,006070,Alessandria,2,3.96
Frascaro,006071,Alessandria,7,16.2
Frassinello Monferrato,006072,Alessandria,0,0.0
Frassineto Po,006073,Alessandria,5,3.62
Frassinetto,001108,Torino,2,7.14
Frassino,004092,Cuneo,6,22.3
Fresonara,006074,Alessandria,2,2.99
Frinco,005055,Asti,0,0.0
Front,001109,Torino,3,1.83
Frossasco,001110,Torino,15,5.23
Frugarolo,006075,Alessandria,8,4.1
Fubine,006076,Alessandria,13,8.1
Gabiano,006077,Alessandria,8,7.31
Gaglianico,096026,Biella,17,4.55
Gaiola,004093,Cuneo,1,1.72
Galliate,003068,Novara,37,2.35
Gamalero,006078,Alessandria,2,2.42
Gambasca,004094,Cuneo,0,0.0
Garbagna,006079,Alessandria,3,4.54
Garbagna Novarese,003069,Novara,2,1.4
Garessio,004095,Cuneo,29,9.49
Gargallo,003070,Novara,0,0.0
Garzigliana,001111,Torino,5,9.06
Gassino Torinese,001112,Torino,68,7.11
Gattico-Veruno,003166,Novara,18,3.42
Gattinara,002061,Vercelli,26,3.32
Gavi,006081,Alessandria,33,7.34
Genola,004096,Cuneo,9,3.39
Germagnano,001113,Torino,11,9.43
Germagno,103032,Verbano-Cusio-Ossola,7,36.84
Ghemme,003073,Novara,9,2.57
Ghiffa,103033,Verbano-Cusio-Ossola,22,9.35
Ghislarengo,002062,Vercelli,17,19.84
Giaglione,001114,Torino,3,4.93
Giarole,006082,Alessandria,1,1.42
Giaveno,001115,Torino,81,4.94
Gifflenga,096027,Biella,0,0.0
Gignese,103034,Verbano-Cusio-Ossola,9,8.59
Givoletto,001116,Torino,21,5.33
Gorzegno,004097,Cuneo,1,3.66
Gottasecca,004098,Cuneo,3,21.28
Govone,004099,Cuneo,14,6.31
Gozzano,003076,Novara,12,2.16
Graglia,096028,Biella,1,0.66
Grana,005056,Asti,1,1.68
Granozzo Con Monticello,003077,Novara,7,5.07
Gravellona Toce,103035,Verbano-Cusio-Ossola,45,5.76
Gravere,001117,Torino,2,2.96
Grazzano Badoglio,005057,Asti,0,0.0
Greggio,002065,Vercelli,2,5.73
Gremiasco,006083,Alessandria,2,6.31
Grignasco,003079,Novara,33,7.37
Grinzane Cavour,004100,Cuneo,5,2.47
Grognardo,006084,Alessandria,3,12.45
Grondona,006085,Alessandria,7,14.31
Groscavallo,001118,Torino,1,5.03
Grosso,001119,Torino,3,2.93
Grugliasco,001120,Torino,261,6.94
Guardabosone,002066,Vercelli,0,0.0
Guarene,004101,Cuneo,14,3.9
Guazzora,006086,Alessandria,4,13.2
Gurro,103036,Verbano-Cusio-Ossola,1,5.03
Igliano,004102,Cuneo,0,0.0
Incisa Scapaccino,005058,Asti,5,2.29
Ingria,001121,Torino,0,0.0
Intragna,103037,Verbano-Cusio-Ossola,5,46.3
Inverso Pinasca,001122,Torino,4,5.7
Invorio,003082,Novara,9,2.05
Isasca,004103,Cuneo,0,0.0
Isola D'Asti,005059,Asti,6,2.96
Isola Sant'Antonio,006087,Alessandria,1,1.46
Isolabella,001123,Torino,5,13.05
Issiglio,001124,Torino,4,10.34
Ivrea,001125,Torino,125,5.33
La Cassa,001126,Torino,9,4.99
La Loggia,001127,Torino,65,7.35
La Morra,004105,Cuneo,6,2.17
Lagnasco,004104,Cuneo,0,0.0
Lamporo,002067,Vercelli,7,13.78
Landiona,003083,Novara,5,8.88
Lanzo Torinese,001128,Torino,30,5.98
Lauriano,001129,Torino,5,3.48
Leini',001130,Torino,100,6.08
Lemie,001131,Torino,1,4.83
Lenta,002068,Vercelli,3,3.6
Lequio Berria,004106,Cuneo,4,8.62
Lequio Tanaro,004107,Cuneo,5,6.75
Lerma,006088,Alessandria,7,8.54
Lesa,003084,Novara,11,4.98
Lesegno,004108,Cuneo,9,10.86
Lessolo,001132,Torino,14,7.69
Lessona,096085,Biella,8,2.94
Levice,004109,Cuneo,2,9.52
Levone,001133,Torino,2,4.52
Lignana,002070,Vercelli,3,5.39
Limone Piemonte,004110,Cuneo,24,16.47
Lisio,004111,Cuneo,0,0.0
Livorno Ferraris,002071,Vercelli,28,6.46
Loazzolo,005060,Asti,0,0.0
Locana,001134,Torino,3,2.09
Lombardore,001135,Torino,7,4.03
Lombriasco,001136,Torino,5,4.78
Loranze',001137,Torino,8,6.86
Loreglia,103038,Verbano-Cusio-Ossola,0,0.0
Lozzolo,002072,Vercelli,4,4.85
Lu E Cuccaro Monferrato,006193,Alessandria,10,7.12
Luserna San Giovanni,001139,Torino,29,4.0
Lusernetta,001140,Torino,1,2.02
Lusiglie',001141,Torino,4,7.03
Macello,001142,Torino,1,0.86
Macra,004112,Cuneo,0,0.0
Macugnaga,103039,Verbano-Cusio-Ossola,4,7.38
Madonna Del Sasso,103040,Verbano-Cusio-Ossola,1,2.47
Maggiora,003088,Novara,6,3.62
Magliano Alfieri,004113,Cuneo,8,3.64
Magliano Alpi,004114,Cuneo,32,14.34
Maglione,001143,Torino,1,2.4
Magnano,096030,Biella,1,2.54
Malesco,103041,Verbano-Cusio-Ossola,15,10.88
Malvicino,006090,Alessandria,1,12.66
Mandello Vitta,003090,Novara,0,0.0
Mango,004115,Cuneo,9,6.83
Manta,004116,Cuneo,12,3.17
Mappano,001316,Torino,31,4.22
Marano Ticino,003091,Novara,7,4.24
Maranzana,005061,Asti,0,0.0
Marene,004117,Cuneo,16,4.81
Marentino,001144,Torino,14,10.72
Maretto,005062,Asti,0,0.0
Margarita,004118,Cuneo,3,2.08
Marmora,004119,Cuneo,0,0.0
Marsaglia,004120,Cuneo,0,0.0
Martiniana Po,004121,Cuneo,3,4.02
Masera,103042,Verbano-Cusio-Ossola,6,4.06
Masio,006091,Alessandria,5,3.67
Massazza,096031,Biella,2,3.59
Massello,001145,Torino,0,0.0
Masserano,096032,Biella,5,2.39
Massino Visconti,003093,Novara,6,5.71
Massiola,103043,Verbano-Cusio-Ossola,0,0.0
Mathi,001146,Torino,20,5.2
Mattie,001147,Torino,3,4.48
Mazze',001148,Torino,19,4.59
Meana Di Susa,001149,Torino,2,2.54
Meina,003095,Novara,6,2.48
Melazzo,006092,Alessandria,6,4.64
Melle,004122,Cuneo,4,13.89
Merana,006093,Alessandria,0,0.0
Mercenasco,001150,Torino,7,5.69
Mergozzo,103044,Verbano-Cusio-Ossola,11,5.08
Mezzana Mortigliengo,096033,Biella,3,5.99
Mezzenile,001152,Torino,3,3.76
Mezzomerico,003097,Novara,5,4.07
Miagliano,096034,Biella,4,7.01
Miasino,003098,Novara,6,7.56
Miazzina,103045,Verbano-Cusio-Ossola,3,7.85
Mirabello Monferrato,006094,Alessandria,1,0.76
Moasca,005063,Asti,1,1.96
Moiola,004123,Cuneo,3,13.82
Molare,006095,Alessandria,12,5.81
Molino Dei Torti,006096,Alessandria,0,0.0
Mollia,002078,Vercelli,0,0.0
Mombaldone,005064,Asti,2,10.0
Mombarcaro,004124,Cuneo,0,0.0
Mombaruzzo,005065,Asti,5,4.69
Mombasiglio,004125,Cuneo,4,6.56
Mombello Di Torino,001153,Torino,6,15.38
Mombello Monferrato,006097,Alessandria,6,5.94
Mombercelli,005066,Asti,3,1.4
Momo,003100,Novara,5,2.0
Mompantero,001154,Torino,5,7.7
Momperone,006098,Alessandria,1,4.76
Monale,005067,Asti,2,1.99
Monastero Bormida,005068,Asti,2,2.18
Monastero Di Lanzo,001155,Torino,1,2.89
Monastero Di Vasco,004126,Cuneo,13,10.07
Monasterolo Casotto,004127,Cuneo,0,0.0
Monasterolo Di Savigliano,004128,Cuneo,6,4.34
Moncalieri,001156,Torino,454,7.89
Moncalvo,005069,Asti,16,5.59
Moncenisio,001157,Torino,1,28.57
Moncestino,006099,Alessandria,2,10.2
Monchiero,004129,Cuneo,2,3.46
Moncrivello,002079,Vercelli,11,7.89
Moncucco Torinese,005070,Asti,3,3.37
Mondovi',004130,Cuneo,204,9.1
Monesiglio,004131,Cuneo,7,11.27
Monforte D'Alba,004132,Cuneo,7,3.51
Mongardino,005071,Asti,6,6.71
Mongiardino Ligure,006100,Alessandria,1,6.41
Mongrando,096035,Biella,13,3.43
Monleale,006101,Alessandria,3,5.3
Monta',004133,Cuneo,32,6.81
Montabone,005072,Asti,0,0.0
Montacuto,006102,Alessandria,1,3.97
Montafia,005073,Asti,5,5.31
Montaldeo,006103,Alessandria,0,0.0
Montaldo Bormida,006104,Alessandria,5,7.85
Montaldo Di Mondovi',004134,Cuneo,7,12.59
Montaldo Roero,004135,Cuneo,6,7.09
Montaldo Scarampi,005074,Asti,0,0.0
Montaldo Torinese,001158,Torino,2,2.78
Montalenghe,001159,Torino,3,3.01
Montalto Dora,001160,Torino,23,6.76
Montanaro,001161,Torino,20,3.86
Montanera,004136,Cuneo,3,4.01
Montecastello,006105,Alessandria,1,3.21
Montechiaro D'Acqui,006106,Alessandria,0,0.0
Montechiaro D'Asti,005075,Asti,1,0.79
Montecrestese,103046,Verbano-Cusio-Ossola,3,2.36
Montegioco,006107,Alessandria,1,3.29
Montegrosso D'Asti,005076,Asti,8,3.47
Montelupo Albese,004137,Cuneo,0,0.0
Montemagno,005077,Asti,0,0.0
Montemale Di Cuneo,004138,Cuneo,5,21.83
Montemarzino,006108,Alessandria,2,6.64
Monterosso Grana,004139,Cuneo,2,3.8
Montescheno,103047,Verbano-Cusio-Ossola,0,0.0
Monteu Da Po,001162,Torino,2,2.34
Monteu Roero,004140,Cuneo,11,6.86
Montezemolo,004141,Cuneo,1,4.27
Monticello D'Alba,004142,Cuneo,6,2.53
Montiglio Monferrato,005121,Asti,5,3.12
Morano Sul Po,006109,Alessandria,5,3.6
Moransengo,005079,Asti,2,10.58
Morbello,006110,Alessandria,6,14.22
Moretta,004143,Cuneo,22,5.39
Moriondo Torinese,001163,Torino,9,10.68
Mornese,006111,Alessandria,0,0.0
Morozzo,004144,Cuneo,9,4.49
Morsasco,006112,Alessandria,1,1.59
Motta De' Conti,002082,Vercelli,2,2.62
Mottalciata,096037,Biella,6,4.43
Murazzano,004145,Cuneo,3,3.61
Murello,004146,Cuneo,5,5.27
Murisengo,006113,Alessandria,14,10.26
Muzzano,096038,Biella,3,4.99
Narzole,004147,Cuneo,10,2.86
Nebbiuno,003103,Novara,1,0.55
Neive,004148,Cuneo,17,4.92
Netro,096039,Biella,7,7.2
Neviglie,004149,Cuneo,1,2.71
Nibbiola,003104,Novara,1,1.21
Nichelino,001164,Torino,437,9.2
Niella Belbo,004150,Cuneo,3,8.31
Niella Tanaro,004151,Cuneo,10,9.85
Nizza Monferrato,005080,Asti,18,1.75
Noasca,001165,Torino,0,0.0
Nole,001166,Torino,31,4.55
Nomaglio,001167,Torino,2,6.99
None,001168,Torino,83,10.35
Nonio,103048,Verbano-Cusio-Ossola,2,2.32
Novalesa,001169,Torino,3,5.58
Novara,003106,Novara,351,3.37
Novello,004152,Cuneo,1,1.02
Novi Ligure,006114,Alessandria,157,5.55
Nucetto,004153,Cuneo,10,24.39
Occhieppo Inferiore,096040,Biella,16,4.1
Occhieppo Superiore,096041,Biella,12,4.46
Occimiano,006115,Alessandria,5,3.88
Odalengo Grande,006116,Alessandria,3,7.09
Odalengo Piccolo,006117,Alessandria,1,3.92
Oggebbio,103049,Verbano-Cusio-Ossola,11,12.6
Oglianico,001170,Torino,5,3.36
Olcenengo,002088,Vercelli,1,1.28
Oldenico,002089,Vercelli,2,9.13
Oleggio,003108,Novara,49,3.46
Oleggio Castello,003109,Novara,7,3.22
Olivola,006118,Alessandria,0,0.0
Olmo Gentile,005081,Asti,0,0.0
Omegna,103050,Verbano-Cusio-Ossola,74,4.87
Oncino,004154,Cuneo,0,0.0
Orbassano,001171,Torino,186,7.97
Orio Canavese,001172,Torino,2,2.58
Ormea,004155,Cuneo,9,5.67
Ornavasso,103051,Verbano-Cusio-Ossola,20,5.82
Orsara Bormida,006119,Alessandria,0,0.0
Orta San Giulio,003112,Novara,16,12.1
Osasco,001173,Torino,2,1.73
Osasio,001174,Torino,9,9.81
Ostana,004156,Cuneo,2,23.53
Ottiglio,006120,Alessandria,7,11.4
Oulx,001175,Torino,22,6.53
Ovada,006121,Alessandria,67,5.93
Oviglio,006122,Alessandria,2,1.62
Ozegna,001176,Torino,7,5.7
Ozzano Monferrato,006123,Alessandria,4,2.85
Paderna,006124,Alessandria,0,0.0
Paesana,004157,Cuneo,13,4.79
Pagno,004158,Cuneo,2,3.57
Palazzo Canavese,001177,Torino,5,5.97
Palazzolo Vercellese,002090,Vercelli,1,0.84
Pallanzeno,103052,Verbano-Cusio-Ossola,2,1.74
Pamparato,004159,Cuneo,1,3.39
Pancalieri,001178,Torino,15,7.17
Parella,001179,Torino,3,6.98
Pareto,006125,Alessandria,1,1.88
Parodi Ligure,006126,Alessandria,5,7.69
Paroldo,004160,Cuneo,0,0.0
Paruzzaro,003114,Novara,7,3.2
Passerano Marmorito,005082,Asti,3,6.93
Pasturana,006127,Alessandria,4,3.13
Pavarolo,001180,Torino,19,16.74
Pavone Canavese,001181,Torino,13,3.38
Pecetto Di Valenza,006128,Alessandria,9,7.48
Pecetto Torinese,001183,Torino,36,8.9
Pella,003115,Novara,7,7.35
Penango,005083,Asti,1,2.14
Perletto,004161,Cuneo,1,3.72
Perlo,004162,Cuneo,1,8.77
Perosa Argentina,001184,Torino,18,5.68
Perosa Canavese,001185,Torino,5,9.62
Perrero,001186,Torino,4,6.2
Pertengo,002091,Vercelli,1,3.38
Pertusio,001187,Torino,6,7.92
Pessinetto,001188,Torino,8,12.97
Pettenasco,003116,Novara,24,17.47
Pettinengo,096042,Biella,7,4.61
Peveragno,004163,Cuneo,28,5.0
Pezzana,002093,Vercelli,2,1.55
Pezzolo Valle Uzzone,004164,Cuneo,1,2.92
Pianezza,001189,Torino,69,4.48
Pianfei,004165,Cuneo,21,9.96
Piasco,004166,Cuneo,13,4.75
Piatto,096043,Biella,3,5.95
Piea,005084,Asti,0,0.0
Piedicavallo,096044,Biella,0,0.0
Piedimulera,103053,Verbano-Cusio-Ossola,1,0.66
Pietra Marazzi,006129,Alessandria,2,2.22
Pietraporzio,004167,Cuneo,0,0.0
Pieve Vergonte,103054,Verbano-Cusio-Ossola,13,5.16
Pila,002096,Vercelli,0,0.0
Pinasca,001190,Torino,15,5.11
Pinerolo,001191,Torino,176,4.87
Pino D'Asti,005085,Asti,1,4.57
Pino Torinese,001192,Torino,68,8.09
Piobesi D'Alba,004168,Cuneo,3,2.22
Piobesi Torinese,001193,Torino,10,2.63
Piode,002097,Vercelli,3,16.67
Piossasco,001194,Torino,168,9.15
Piova' Massaia,005086,Asti,4,6.6
Piozzo,004169,Cuneo,10,10.2
Pisano,003119,Novara,3,3.68
Piscina,001195,Torino,19,5.64
Piverone,001196,Torino,3,2.2
Pocapaglia,004170,Cuneo,17,5.11
Pogno,003120,Novara,4,2.83
Poirino,001197,Torino,79,7.59
Pollone,096046,Biella,17,8.05
Polonghera,004171,Cuneo,1,0.88
Pomaretto,001198,Torino,5,4.95
Pomaro Monferrato,006131,Alessandria,2,5.63
Pombia,003121,Novara,2,0.92
Ponderano,096047,Biella,9,2.38
Pont-Canavese,001199,Torino,15,4.56
Pontechianale,004172,Cuneo,1,6.13
Pontecurone,006132,Alessandria,15,4.23
Pontestura,006133,Alessandria,1,0.7
Ponti,006134,Alessandria,3,5.28
Ponzano Monferrato,006135,Alessandria,1,2.97
Ponzone,006136,Alessandria,6,5.93
Portacomaro,005087,Asti,3,1.48
Porte,001200,Torino,13,12.57
Portula,096048,Biella,3,2.52
Postua,002102,Vercelli,2,3.46
Pozzol Groppo,006137,Alessandria,2,6.87
Pozzolo Formigaro,006138,Alessandria,17,3.64
Pradleves,004173,Cuneo,2,8.7
Pragelato,001201,Torino,4,5.16
Prali,001202,Torino,1,4.18
Pralormo,001203,Torino,11,5.77
Pralungo,096049,Biella,4,1.69
Pramollo,001204,Torino,3,13.39
Prarolo,002104,Vercelli,3,4.13
Prarostino,001205,Torino,4,3.12
Prasco,006139,Alessandria,5,10.16
Prascorsano,001206,Torino,2,2.66
Pratiglione,001207,Torino,1,1.95
Prato Sesia,003122,Novara,9,4.82
Pray,096050,Biella,5,2.37
Prazzo,004174,Cuneo,2,11.7
Predosa,006140,Alessandria,22,11.14
Premeno,103055,Verbano-Cusio-Ossola,14,19.18
Premia,103056,Verbano-Cusio-Ossola,2,3.62
Premosello-Chiovenda,103057,Verbano-Cusio-Ossola,9,4.64
Priero,004175,Cuneo,0,0.0
Priocca,004176,Cuneo,6,3.01
Priola,004177,Cuneo,9,13.1
Prunetto,004178,Cuneo,3,7.09
Quagliuzzo,001208,Torino,0,0.0
Quaranti,005088,Asti,0,0.0
Quaregna Cerreto,096087,Biella,8,3.92
Quargnento,006141,Alessandria,7,4.97
Quarna Sopra,103058,Verbano-Cusio-Ossola,1,3.97
Quarna Sotto,103059,Verbano-Cusio-Ossola,2,5.19
Quarona,002107,Vercelli,8,2.0
Quassolo,001209,Torino,3,8.7
Quattordio,006142,Alessandria,11,6.93
Quincinetto,001210,Torino,5,4.85
Quinto Vercellese,002108,Vercelli,7,17.54
Racconigi,004179,Cuneo,52,5.23
Rassa,002110,Vercelli,0,0.0
Re,103060,Verbano-Cusio-Ossola,5,6.79
Reano,001211,Torino,7,3.95
Recetto,003129,Novara,5,5.19
Refrancore,005089,Asti,1,0.64
Revello,004180,Cuneo,15,3.51
Revigliasco D'Asti,005090,Asti,0,0.0
Ribordone,001212,Torino,0,0.0
Ricaldone,006143,Alessandria,1,1.55
Rifreddo,004181,Cuneo,3,2.87
Rimella,002113,Vercelli,0,0.0
Rittana,004182,Cuneo,2,19.23
Riva Presso Chieri,001215,Torino,40,8.42
Rivalba,001213,Torino,10,8.67
Rivalta Bormida,006144,Alessandria,5,3.56
Rivalta Di Torino,001214,Torino,141,7.03
Rivara,001216,Torino,6,2.32
Rivarolo Canavese,001217,Torino,55,4.41
Rivarone,006145,Alessandria,0,0.0
Rivarossa,001218,Torino,12,7.54
Rive,002115,Vercelli,4,8.95
Rivoli,001219,Torino,312,6.43
Roaschia,004183,Cuneo,1,9.35
Roascio,004184,Cuneo,0,0.0
Roasio,002116,Vercelli,12,5.14
Roatto,005091,Asti,3,7.85
Robassomero,001220,Torino,18,5.87
Robella,005092,Asti,1,2.07
Robilante,004185,Cuneo,45,19.91
Roburent,004186,Cuneo,5,10.18
Rocca Canavese,001221,Torino,4,2.33
Rocca Ciglie',004188,Cuneo,4,29.85
Rocca D'Arazzo,005093,Asti,2,2.24
Rocca De' Baldi,004189,Cuneo,15,9.25
Rocca Grimalda,006147,Alessandria,12,8.14
Roccabruna,004187,Cuneo,7,4.51
Roccaforte Ligure,006146,Alessandria,0,0.0
Roccaforte Mondovi',004190,Cuneo,12,5.6
Roccasparvera,004191,Cuneo,4,5.38
Roccaverano,005094,Asti,0,0.0
Roccavione,004192,Cuneo,21,7.92
Rocchetta Belbo,004193,Cuneo,1,6.25
Rocchetta Ligure,006148,Alessandria,3,14.15
Rocchetta Palafea,005095,Asti,0,0.0
Rocchetta Tanaro,005096,Asti,4,2.81
Roddi,004194,Cuneo,4,2.45
Roddino,004195,Cuneo,1,2.42
Rodello,004196,Cuneo,7,7.31
Roletto,001222,Torino,9,4.42
Romagnano Sesia,003130,Novara,17,4.37
Romano Canavese,001223,Torino,16,6.04
Romentino,003131,Novara,18,3.2
Ronco Biellese,096053,Biella,2,1.33
Ronco Canavese,001224,Torino,0,0.0
Rondissone,001225,Torino,6,3.18
Ronsecco,002118,Vercelli,1,1.76
Roppolo,096054,Biella,5,5.68
Rora',001226,Torino,0,0.0
Rosazza,096055,Biella,1,10.99
Rosignano Monferrato,006149,Alessandria,3,1.99
Rossa,002121,Vercelli,2,11.24
Rossana,004197,Cuneo,1,1.15
Rosta,001228,Torino,28,5.65
Roure,001227,Torino,1,1.25
Rovasenda,002122,Vercelli,4,4.31
Rubiana,001229,Torino,17,7.16
Rueglio,001230,Torino,4,5.15
Ruffia,004198,Cuneo,1,2.75
Sagliano Micca,096056,Biella,12,7.48
Sala Biellese,096057,Biella,0,0.0
Sala Monferrato,006150,Alessandria,0,0.0
Salasco,002126,Vercelli,0,0.0
Salassa,001231,Torino,1,0.54
Salbertrand,001232,Torino,1,1.62
Sale,006151,Alessandria,12,2.97
Sale Delle Langhe,004199,Cuneo,3,5.92
Sale San Giovanni,004200,Cuneo,0,0.0
Salerano Canavese,001233,Torino,0,0.0
Sali Vercellese,002127,Vercelli,0,0.0
Saliceto,004201,Cuneo,11,8.76
Salmour,004202,Cuneo,2,2.76
Saluggia,002128,Vercelli,25,6.38
Salussola,096058,Biella,4,2.08
Saluzzo,004203,Cuneo,65,3.77
Salza Di Pinerolo,001234,Torino,1,12.99
Sambuco,004204,Cuneo,0,0.0
Samone,001235,Torino,8,5.06
Sampeyre,004205,Cuneo,7,7.05
San Benedetto Belbo,004206,Cuneo,0,0.0
San Benigno Canavese,001236,Torino,29,4.81
San Bernardino Verbano,103061,Verbano-Cusio-Ossola,18,13.66
San Carlo Canavese,001237,Torino,13,3.23
San Colombano Belmonte,001238,Torino,3,8.47
San Cristoforo,006152,Alessandria,2,3.45
San Damiano D'Asti,005097,Asti,17,2.05
San Damiano Macra,004207,Cuneo,1,2.45
San Didero,001239,Torino,0,0.0
San Francesco Al Campo,001240,Torino,20,4.07
San Germano Chisone,001242,Torino,6,3.41
San Germano Vercellese,002131,Vercelli,10,6.48
San Giacomo Vercellese,002035,Vercelli,0,0.0
San Gillio,001243,Torino,18,5.64
San Giorgio Canavese,001244,Torino,24,9.35
San Giorgio Monferrato,006153,Alessandria,5,4.12
San Giorgio Scarampi,005098,Asti,0,0.0
San Giorio Di Susa,001245,Torino,15,15.51
San Giusto Canavese,001246,Torino,15,4.47
San Martino Alfieri,005099,Asti,0,0.0
San Martino Canavese,001247,Torino,4,4.9
San Marzano Oliveto,005100,Asti,3,2.95
San Maurizio Canavese,001248,Torino,57,5.53
San Maurizio D'Opaglio,003133,Novara,14,4.58
San Mauro Torinese,001249,Torino,116,6.13
San Michele Mondovi',004210,Cuneo,10,5.17
San Nazzaro Sesia,003134,Novara,4,5.42
San Paolo Solbrito,005101,Asti,1,0.84
San Pietro Mosezzo,003135,Novara,10,5.01
San Pietro Val Lemina,001250,Torino,8,5.65
San Ponso,001251,Torino,2,7.91
San Raffaele Cimena,001252,Torino,25,8.02
San Salvatore Monferrato,006154,Alessandria,19,4.51
San Sebastiano Curone,006155,Alessandria,1,1.72
San Sebastiano Da Po,001253,Torino,16,8.26
San Secondo Di Pinerolo,001254,Torino,20,5.53
Sandigliano,096059,Biella,12,4.5
Sanfre',004208,Cuneo,20,6.57
Sanfront,004209,Cuneo,5,2.12
Sangano,001241,Torino,18,4.8
Sant'Agata Fossili,006156,Alessandria,1,2.5
Sant'Albano Stura,004211,Cuneo,16,6.77
Sant'Ambrogio Di Torino,001255,Torino,44,9.35
Sant'Antonino Di Susa,001256,Torino,24,5.65
Santa Maria Maggiore,103062,Verbano-Cusio-Ossola,13,10.06
Santa Vittoria D'Alba,004212,Cuneo,12,4.18
Santena,001257,Torino,62,5.77
Santhia',002133,Vercelli,29,3.42
Santo Stefano Belbo,004213,Cuneo,17,4.22
Santo Stefano Roero,004214,Cuneo,8,5.84
Sardigliano,006157,Alessandria,3,7.59
Sarezzano,006158,Alessandria,6,5.12
Sauze D'Oulx,001259,Torino,9,8.21
Sauze Di Cesana,001258,Torino,2,8.1
Savigliano,004215,Cuneo,93,4.3
Scagnello,004216,Cuneo,3,17.14
Scalenghe,001260,Torino,29,8.84
Scarmagno,001261,Torino,3,3.61
Scarnafigi,004217,Cuneo,7,3.27
Sciolze,001262,Torino,8,5.52
Scopa,002134,Vercelli,7,17.9
Scopello,002135,Vercelli,1,2.76
Scurzolengo,005103,Asti,2,3.67
Serole,005104,Asti,2,17.7
Serralunga D'Alba,004218,Cuneo,2,3.48
Serralunga Di Crea,006159,Alessandria,0,0.0
Serravalle Langhe,004219,Cuneo,0,0.0
Serravalle Scrivia,006160,Alessandria,43,7.15
Serravalle Sesia,002137,Vercelli,31,6.34
Sessame,005105,Asti,0,0.0
Sestriere,001263,Torino,3,3.21
Settime,005106,Asti,3,5.45
Settimo Rottaro,001264,Torino,2,4.24
Settimo Torinese,001265,Torino,227,4.83
Settimo Vittone,001266,Torino,12,7.83
Sezzadio,006161,Alessandria,6,4.77
Sillavengo,003138,Novara,2,3.56
Silvano D'Orba,006162,Alessandria,7,3.62
Sinio,004220,Cuneo,1,1.96
Sizzano,003139,Novara,4,2.8
Soglio,005107,Asti,2,13.7
Solero,006163,Alessandria,17,10.21
Solonghello,006164,Alessandria,1,4.72
Somano,004221,Cuneo,2,6.13
Sommariva Del Bosco,004222,Cuneo,36,5.68
Sommariva Perno,004223,Cuneo,5,1.81
Sordevolo,096063,Biella,11,8.2
Soriso,003140,Novara,3,3.94
Sostegno,096064,Biella,5,6.5
Sozzago,003141,Novara,5,4.67
Sparone,001267,Torino,5,5.15
Spigno Monferrato,006165,Alessandria,3,2.98
Spineto Scrivia,006166,Alessandria,0,0.0
Stazzano,006167,Alessandria,7,2.92
Strambinello,001268,Torino,1,3.7
Strambino,001269,Torino,38,6.04
Stresa,103064,Verbano-Cusio-Ossola,35,7.19
Strevi,006168,Alessandria,9,4.62
Strona,096065,Biella,7,6.54
Stroppiana,002142,Vercelli,5,4.19
Stroppo,004224,Cuneo,1,9.71
Suno,003143,Novara,10,3.62
Susa,001270,Torino,40,6.39
Tagliolo Monferrato,006169,Alessandria,9,5.84
Tarantasca,004225,Cuneo,7,3.25
Tassarolo,006170,Alessandria,2,3.18
Tavagnasco,001271,Torino,5,6.29
Tavigliano,096066,Biella,8,8.63
Terdobbiate,003144,Novara,2,4.26
Ternengo,096067,Biella,0,0.0
Terruggia,006171,Alessandria,8,8.62
Terzo,006172,Alessandria,3,3.53
Ticineto,006173,Alessandria,7,5.25
Tigliole,005108,Asti,2,1.16
Toceno,103065,Verbano-Cusio-Ossola,6,8.23
Tollegno,096068,Biella,9,3.68
Tonco,005109,Asti,1,1.24
Tonengo,005110,Asti,0,0.0
Torino,001272,Torino,2861,3.27
Tornaco,003146,Novara,3,3.22
Torrazza Piemonte,001273,Torino,14,4.73
Torrazzo,096069,Biella,0,0.0
Torre Bormida,004226,Cuneo,0,0.0
Torre Canavese,001274,Torino,7,11.65
Torre Mondovi',004227,Cuneo,5,10.5
Torre Pellice,001275,Torino,29,6.32
Torre San Giorgio,004228,Cuneo,1,1.37
Torresina,004229,Cuneo,0,0.0
Tortona,006174,Alessandria,128,4.69
Trana,001276,Torino,22,5.75
Trarego Viggiona,103066,Verbano-Cusio-Ossola,3,7.19
Trasquera,103067,Verbano-Cusio-Ossola,1,5.71
Traversella,001278,Torino,1,3.09
Traves,001279,Torino,2,3.8
Trecate,003149,Novara,65,3.14
Treiso,004230,Cuneo,4,5.15
Treville,006175,Alessandria,3,10.71
Trezzo Tinella,004231,Cuneo,2,6.47
Tricerro,002147,Vercelli,2,2.88
Trinita',004232,Cuneo,9,4.01
Trino,002148,Vercelli,24,3.41
Trisobbio,006176,Alessandria,6,8.84
Trofarello,001280,Torino,84,7.74
Trontano,103068,Verbano-Cusio-Ossola,11,6.59
Tronzano Vercellese,002150,Vercelli,17,4.92
Usseaux,001281,Torino,2,10.75
Usseglio,001282,Torino,1,4.98
Vaglio Serra,005111,Asti,0,0.0
Vaie,001283,Torino,5,3.54
Val Della Torre,001284,Torino,21,5.36
Val Di Chy,001317,Torino,5,3.9
Valchiusa,001318,Torino,2,1.94
Valdengo,096071,Biella,12,4.88
Valdieri,004233,Cuneo,1,1.1
Valdilana,096088,Biella,42,3.88
Valduggia,002152,Vercelli,10,5.1
Valenza,006177,Alessandria,60,3.22
Valfenera,005112,Asti,7,2.91
Valgioie,001285,Torino,4,4.18
Valgrana,004234,Cuneo,4,5.15
Vallanzengo,096072,Biella,0,0.0
Valle Cannobina,103079,Verbano-Cusio-Ossola,5,10.31
Valle San Nicolao,096074,Biella,2,2.1
Vallo Torinese,001286,Torino,7,9.03
Valloriate,004235,Cuneo,0,0.0
Valmacca,006178,Alessandria,6,5.98
Valperga,001287,Torino,15,4.91
Valprato Soana,001288,Torino,0,0.0
Valstrona,103069,Verbano-Cusio-Ossola,8,6.58
Vanzone Con San Carlo,103070,Verbano-Cusio-Ossola,2,5.24
Vaprio D'Agogna,003153,Novara,5,5.04
Varallo,002156,Vercelli,30,4.2
Varallo Pombia,003154,Novara,13,2.65
Varisella,001289,Torino,6,7.23
Varzo,103071,Verbano-Cusio-Ossola,9,4.46
Vauda Canavese,001290,Torino,8,5.53
Veglio,096075,Biella,2,4.19
Venaria Reale,001292,Torino,224,6.67
Venasca,004237,Cuneo,4,2.88
Venaus,001291,Torino,2,2.27
Verbania,103072,Verbano-Cusio-Ossola,300,9.83
Vercelli,002158,Vercelli,272,5.91
Verduno,004238,Cuneo,1,1.79
Vernante,004239,Cuneo,21,18.23
Verolengo,001293,Torino,16,3.31
Verrone,096076,Biella,5,4.01
Verrua Savoia,001294,Torino,7,5.01
Verzuolo,004240,Cuneo,26,4.05
Vesime,005113,Asti,1,1.64
Vespolate,003158,Novara,6,2.92
Vestigne',001295,Torino,5,6.28
Vezza D'Alba,004241,Cuneo,20,8.75
Viale,005114,Asti,0,0.0
Vialfre',001296,Torino,0,0.0
Viarigi,005115,Asti,2,2.28
Vicoforte,004242,Cuneo,26,8.33
Vicolungo,003159,Novara,5,5.71
Vidracco,001298,Torino,2,3.79
Vigliano Biellese,096077,Biella,25,3.26
Vigliano D'Asti,005116,Asti,1,1.26
Vignale Monferrato,006179,Alessandria,5,5.1
Vignole Borbera,006180,Alessandria,10,4.84
Vignolo,004243,Cuneo,10,3.88
Vignone,103074,Verbano-Cusio-Ossola,17,14.23
Vigone,001299,Torino,15,2.91
Viguzzolo,006181,Alessandria,16,5.16
Villa Del Bosco,096078,Biella,0,0.0
Villa San Secondo,005119,Asti,3,7.87
Villadeati,006182,Alessandria,10,20.53
Villadossola,103075,Verbano-Cusio-Ossola,26,3.99
Villafalletto,004244,Cuneo,13,4.48
Villafranca D'Asti,005117,Asti,6,1.99
Villafranca Piemonte,001300,Torino,28,6.07
Villalvernia,006183,Alessandria,9,10.09
Villamiroglio,006184,Alessandria,0,0.0
Villanova Biellese,096079,Biella,0,0.0
Villanova Canavese,001301,Torino,5,4.13
Villanova D'Asti,005118,Asti,8,1.41
Villanova Mondovi',004245,Cuneo,20,3.45
Villanova Monferrato,006185,Alessandria,6,3.22
Villanova Solaro,004246,Cuneo,3,4.05
Villar Dora,001303,Torino,11,3.8
Villar Focchiardo,001305,Torino,12,6.1
Villar Pellice,001306,Torino,1,0.94
Villar Perosa,001307,Torino,25,6.18
Villar San Costanzo,004247,Cuneo,8,5.21
Villarbasse,001302,Torino,24,6.95
Villarboit,002163,Vercelli,0,0.0
Villareggia,001304,Torino,6,5.69
Villaromagnano,006186,Alessandria,5,7.46
Villastellone,001308,Torino,24,5.15
Villata,002164,Vercelli,6,3.84
Villette,103076,Verbano-Cusio-Ossola,1,3.6
Vinadio,004248,Cuneo,14,23.14
Vinchio,005120,Asti,1,1.74
Vinovo,001309,Torino,113,7.46
Vinzaglio,003164,Novara,8,14.26
Viola,004249,Cuneo,2,5.57
Virle Piemonte,001310,Torino,4,3.41
Vische,001311,Torino,7,5.52
Visone,006187,Alessandria,2,1.62
Vistrorio,001312,Torino,7,13.18
Viu',001313,Torino,5,4.92
Viverone,096080,Biella,5,3.54
Vocca,002166,Vercelli,1,6.21
Vogogna,103077,Verbano-Cusio-Ossola,1,0.57
Volpedo,006188,Alessandria,6,5.04
Volpeglino,006189,Alessandria,2,15.15
Volpiano,001314,Torino,76,4.92
Voltaggio,006190,Alessandria,2,2.82
Volvera,001315,Torino,83,9.61
Vottignasco,004250,Cuneo,4,7.81
Zimone,096081,Biella,1,2.51
Zubiena,096082,Biella,1,0.87
Zumaglia,096083,Biella,5,4.9
